{
   "object_type": "clustering",
   "M": 100,
   "m": 2,
   "_array": [
      [
         0.2816255250068114,
         0.03761272965012208
      ],
      [
         -0.27718506425505574,
         0.11307771333713834
      ],
      [
         -0.2996678946534783,
         -0.3306302170336246
      ],
      [
         -0.7204917659601855,
         -0.4291002299691409
      ],
      [
         0.643586549621334,
         -0.5809762999502939
      ],
      [
         0.31895395975330354,
         0.7538324800046599
      ],
      [
         -0.46580008727133504,
         0.5245202886376601
      ],
      [
         0.5849269434290416,
         0.041565749173592126
      ],
      [
         0.5386304560990149,
         0.9626292487421102
      ],
      [
         0.6573911191597437,
         -0.7005949782253367
      ],
      [
         -0.0070913115416093575,
         0.19287479227461812
      ],
      [
         0.3232338525088987,
         0.6557772631476426
      ],
      [
         -0.20541913494257802,
         0.004095626536761321
      ],
      [
         -0.8686118045271005,
         -0.7272834300267093
      ],
      [
         0.25474270923745723,
         0.3745445460285888
      ],
      [
         -0.6072079747847028,
         0.7243536465822322
      ],
      [
         -0.7630166916480032,
         -0.6715955792965262
      ],
      [
         0.16303700625712625,
         -0.14636010193108606
      ],
      [
         0.034319526165452974,
         -0.7021215707959356
      ],
      [
         -0.8629895130978285,
         -0.834078171159629
      ],
      [
         -0.48980455183858296,
         0.36667298386033487
      ],
      [
         -0.5420401581656831,
         -0.4808159219162449
      ],
      [
         -0.020438807820478244,
         -0.31206104355412667
      ],
      [
         0.22428296719515917,
         -0.49879784674062555
      ],
      [
         -0.052061916157483124,
         0.08848194065207649
      ],
      [
         0.871438203738089,
         0.6928087370229254
      ],
      [
         -0.25170814411984344,
         0.33327951887359375
      ],
      [
         0.5113787136947736,
         0.06869835854647133
      ],
      [
         -0.002083043642135518,
         -0.6787395848395801
      ],
      [
         0.3348562306327447,
         -0.7362970191160263
      ],
      [
         0.7529552582360735,
         -0.986137756974302
      ],
      [
         -0.3207268206334484,
         0.7760962715756006
      ],
      [
         -0.9333291929900187,
         0.6619665157212464
      ],
      [
         -0.44073507879271445,
         -0.04451639329561985
      ],
      [
         -0.20337953223165894,
         0.544625818814005
      ],
      [
         0.06971256720399222,
         -0.2822276923209308
      ],
      [
         -0.8344065599746557,
         -0.7340710572942211
      ],
      [
         0.8309048370555279,
         -0.667912708170584
      ],
      [
         0.5223898870964987,
         0.3370103771096902
      ],
      [
         0.8956780802218332,
         0.2327910173618435
      ],
      [
         0.13663771718801065,
         -0.406789747874857
      ],
      [
         0.4231867461445846,
         0.09125877836457352
      ],
      [
         -0.7687863493850964,
         0.41618795256400265
      ],
      [
         0.09405731200580014,
         0.5678194680454773
      ],
      [
         -0.8400486027565439,
         0.26070786847810323
      ],
      [
         0.5915388078310386,
         -0.9290733166050451
      ],
      [
         -0.5317832862330809,
         0.39808503997508615
      ],
      [
         0.28535424184032143,
         -0.741217438954157
      ],
      [
         0.7349225865475058,
         0.8092157103840687
      ],
      [
         -0.8245918932281022,
         -0.32038190782175024
      ],
      [
         -0.8610109164266921,
         0.37843894957061863
      ],
      [
         -0.4453803626706385,
         0.963687170260868
      ],
      [
         0.36797818899443535,
         0.43693181038581375
      ],
      [
         -0.6916140792424812,
         0.8965668400442823
      ],
      [
         -0.46542069183001655,
         -0.7377983113133753
      ],
      [
         0.8004009726989902,
         0.9752831971024996
      ],
      [
         -0.4144561755402285,
         -0.5536460412337001
      ],
      [
         -0.4797964807029187,
         -0.6679929200344776
      ],
      [
         -0.38904566881577174,
         -0.7827363978998936
      ],
      [
         -0.5926583258571514,
         0.2997327229622324
      ],
      [
         -0.28148556493215504,
         0.37569331061805555
      ],
      [
         -0.49877169400827936,
         0.9330206268358083
      ],
      [
         0.3855237047190565,
         -0.6798851590048014
      ],
      [
         -0.6383317718420789,
         0.24373900907233392
      ],
      [
         -0.9667376955299594,
         -0.6668285247480812
      ],
      [
         -0.9284774398521394,
         0.19161008434839788
      ],
      [
         -0.5615493801395348,
         0.640642450118575
      ],
      [
         0.26468503172383895,
         -0.6135949492443553
      ],
      [
         0.8014890149596681,
         -0.18447987543033073
      ],
      [
         -0.7848774536368761,
         0.7035344318026295
      ],
      [
         0.6919145126772497,
         -0.26790749133404645
      ],
      [
         0.8624227890750256,
         0.5298868619076973
      ],
      [
         0.6544994386248035,
         0.9716162870072942
      ],
      [
         -0.4011208201408871,
         0.7843919442054361
      ],
      [
         -0.8536781523458654,
         -0.3079851035116359
      ],
      [
         -0.4927817320372345,
         0.010758854872325863
      ],
      [
         0.4057311657407048,
         -0.6512711031176044
      ],
      [
         0.291048030766095,
         -0.23469225115926795
      ],
      [
         -0.35944970264580545,
         -0.8134100765396566
      ],
      [
         0.44519189796292324,
         -0.9411013165862534
      ],
      [
         0.4644896061643482,
         -0.012699376052135891
      ],
      [
         -0.5348398328520738,
         -0.20277857274339683
      ],
      [
         -0.32890114300055906,
         -0.4457790782388038
      ],
      [
         -0.5866914165226358,
         0.2505872704706693
      ],
      [
         -0.5522780809530257,
         0.29079951887220057
      ],
      [
         0.705602694589542,
         0.19110300307766925
      ],
      [
         0.667157711446501,
         -0.6498865224118331
      ],
      [
         -0.8347441875568637,
         -0.5366757254592112
      ],
      [
         0.15888484365355193,
         0.6539390586988181
      ],
      [
         0.35704051006614046,
         -0.06603158968055767
      ],
      [
         -0.08323380457011131,
         0.9937587226530031
      ],
      [
         0.4014613081097911,
         0.7747854418751166
      ],
      [
         0.9001926482053149,
         -0.7226428878201612
      ],
      [
         0.7375081469022973,
         -0.16586342321530312
      ],
      [
         0.6250599515161168,
         0.31362555299461303
      ],
      [
         0.9007398902405364,
         0.1763067323328511
      ],
      [
         0.2722631393966979,
         -0.34134117295584177
      ],
      [
         0.12992190538736548,
         0.9574196648929156
      ],
      [
         -0.9973920938728018,
         0.2665533236185109
      ],
      [
         0.44233371760106954,
         -0.3062310777835098
      ]
   ],
   "_debug": true,
   "k": 5,
   "_max_iter": 1000,