{"object_type": "clustering", "M": 100, "m": 2, "_array": [[0.7045297176273146, 0.2668147002632686], [0.753936965230148, -0.9854821853919065], [0.7746724334212349, 0.44889939426203007], [-0.2893473942739382, -0.4669180024345563], [-0.8855072021132286, -0.02958030263535183], [0.2159652171211499, 0.9392819205532579], [-0.7996343003493502, -0.2258267662804223], [0.9908600590721985, -0.5075776733061108], [0.974214950656878, -0.7542409559952448], [0.3249663325875589, 0.3902939421931675], [-0.7225219644465413, 0.753597220994298], [-0.8127853483487242, -0.7446376399508123], [-0.3319372717958895, 0.40188881281198907], [-0.15858022630375745, 0.7264067974876327], [0.6644663282655179, 0.5849534088729689], [-0.14128732241229547, 0.5783530251330173], [-0.41905852375923014, -0.926807776177909], [0.7873090453083651, 0.8753832967166759], [-0.6155727491436742, -0.39218634219220005], [-0.4731392342044176, 0.2225083071970655], [-0.02693110392414466, -0.2646443153776692], [0.14880531361419425, -0.9054096314043887], [0.13149839245447548, 0.9225582083188728], [0.09256648586010963, 0.4899334590297304], [0.8988655611176506, -0.8524161236224284], [-0.17958105144683278, -0.7132506087157926], [-0.9582681008523419, 0.9325153778052795], [-0.5012175738962856, -0.36989130206866183], [-0.8296603828182332, 0.9355688562325988], [-0.4714315516560721, 0.7078772499822237], [0.11406430544505652, -0.023917151157466066], [-0.27188075512923415, -0.010222463037578233], [-0.4788399436035269, 0.002896792780600732], [-0.9514184290083212, 0.11645403670866483], [0.1568402716213233, -0.8618787820075613], [0.3477438021247381, -0.5422476846653599], [-0.3042454844047007, -0.23209586875285493], [-0.5526751079677097, 0.6688409977318728], [0.4239281848150347, 0.5125834015194193], [-0.1857031294753706, -0.1653389729096233], [0.27731904499291593, 0.6582905786134052], [-0.4010153962831422, -0.1748203863698019], [0.8539460423070928, 0.40838837025168706], [0.8392065104926163, 0.6853584671416306], [-0.9852308436211061, 0.9941823974472743], [-0.03348205454190811, -0.8065784385948922], [0.6803678305201046, -0.9807124922455857], [-0.16536524249814288, -0.5231840120438578], [0.45362555896566215, -0.36430370163306525], [0.161218576560481, 0.23136973815579487], [-0.21068624221334487, 0.5373055595336087], [-0.6780236185949589, 0.12342187928637527], [0.03696769523790988, -0.6967854655656374], [0.3282639181228282, 0.9046265957704183], [0.7667230395617302, -0.4422134565397846], [0.04686536335255331, -0.5796665913997294], [-0.9131097496335039, -0.6921816974867925], [-0.41130896809409623, 0.16679540190750752], [-0.26631335930780886, 0.8916348040159814], [0.2954593404221191, -0.5371367901340236], [-0.6403464143630946, -0.2511213705460995], [0.3272654540838744, -0.7273185765907515], [-0.47395225841612976, 0.6038934172094006], [0.3475202096271448, -0.37756034799886296], [-0.3592853477693465, -0.2185013228979369], [-0.6843329737839938, 0.24104614895369525], [-0.6675718681954328, 0.32478994853015974], [-0.04580452408218427, 0.19528391756951358], [-0.9371449623603538, -0.05796644501337811], [0.18907979961625077, -0.2933618822326931], [0.35816060742694167, 0.363919640258767], [0.2002178560514125, 0.9426764876521159], [0.589898220307246, 0.8161802820531108], [0.43449714165348996, -0.3519751478283335], [0.929091065646404, 0.0014274994905398852], [-0.4206154890776801, -0.26860140079690575], [-0.5178463642452904, -0.5248303737339843], [-0.810067852867077, -0.829376097422784], [-0.3094084545991507, 0.012906311145495675], [0.4949984487496788, -0.9314829864535334], [0.16798875099983435, -0.4871480722202337], [0.02538775667831783, -0.41134664305900115], [-0.811420338615696, -0.8305576006560051], [0.7223490781024839, 0.3937822396910944], [0.9578250169021567, 0.260364897738693], [-0.3584913222419843, 0.38656371378796694], [-0.9042716329864002, 0.03083593004896068], [0.9417909461881782, 0.2704657793525862], [0.39330706835315676, 0.5729211431407555], [-0.3749968704147393, 0.7508067384391481], [0.05414330554258462, -0.9691747507256236], [-0.9473941095821219, -0.34109384544485], [-0.16169331447194835, 0.08761821335790954], [0.5182240999349268, -0.3709316332579584], [0.8038782501377435, 0.7632305823372847], [0.013901357944130499, 0.3673148964965587], [-0.6095846427336817, -0.1366378477487582], [-0.7077010317241326, -0.6647012121358042], [0.1044391419999604, 0.49633742316546803], [-0.6824425851355573, 0.9981773732447154]], "k": 5, "_max_iter": 1000, "_centroids": [[0.12746130843429904, 0.5206925156206288], [0.3946477679931046, -0.6407369570814222], [-0.5437457710431092, -0.3574405335305476], [0.7974135545588629, 0.4812707431809642], [-0.6040953728086297, 0.5678090379047898]], "_clusters": [[5, 9, 13, 15, 22, 23, 30, 38, 40, 49, 50, 53, 67, 70, 71, 88, 92, 95, 98], [1, 7, 8, 21, 24, 34, 35, 45, 46, 48, 52, 54, 55, 59, 61, 63, 69, 73, 79, 80, 81, 90, 93], [3, 4, 6, 11, 16, 18, 20, 25, 27, 31, 32, 36, 39, 41, 47, 56, 60, 64, 68, 75, 76, 77, 78, 82, 86, 91, 96, 97], [0, 2, 14, 17, 42, 43, 72, 74, 83, 84, 87, 94], [10, 12, 19, 26, 28, 29, 33, 37, 44, 51, 57, 58, 62, 65, 66, 85, 89, 99]]}