{
   "_object_type": "sampling",
   "M": 100,
   "m": 2,
   "_debug": true,
   "object_type": "clustering",
   "k": 5,
   "_max_iter": 1000,
   "_bounds": [
      [
         -1.0,
         1.0
      ],
      [
         -1.0,
         1.0
      ]
   ],
   "_array": [
      [
         -0.897307581603755,
         -0.9716065704644519
      ],
      [
         0.7434446717950609,
         0.6093004913546429
      ],
      [
         -0.2636964648859994,
         0.10005605047643096
      ],
      [
         0.9262462460418537,
         -0.011149140019463433
      ],
      [
         -0.740817339729201,
         0.9294484114665384
      ],
      [
         0.600051465647885,
         0.23063210332850703
      ],
      [
         -0.19437836186287782,
         -0.5497099902818283
      ],
      [
         0.03958627808654547,
         0.8757335827313479
      ],
      [
         0.6790789405910229,
         -0.40922784276644
      ],
      [
         0.9020953566110774,
         0.5024256846831232
      ],
      [
         0.3181050138663182,
         0.3806810460372174
      ],
      [
         -0.7259552640503046,
         0.7065779688942988
      ],
      [
         0.054560835756899184,
         -0.45313852015281664
      ],
      [
         0.20682833758345653,
         0.13090560318826316
      ],
      [
         -0.8505096440339037,
         -0.6517143085863368
      ],
      [
         -0.49469845547053004,
         -0.810042562636609
      ],
      [
         -0.1938259753702294,
         -0.2338222894461719
      ],
      [
         0.22953919746466434,
         -0.9796872790420359
      ],
      [
         0.13090061929997443,
         0.17770536737341214
      ],
      [
         -0.2719213026958065,
         -0.24697080422427353
      ],
      [
         0.3568899895506066,
         -0.6660592141985022
      ],
      [
         -0.23390942619865096,
         -0.04730825976272279
      ],
      [
         -0.40874391977013946,
         0.09947583977738694
      ],
      [
         -0.9538158234796326,
         0.08317046345182577
      ],
      [
         -0.12931941979211548,
         0.9222184393387391
      ],
      [
         0.5440396877141878,
         -0.015312064486747934
      ],
      [
         0.3625335998961432,
         0.7759540479310532
      ],
      [
         0.1352002804596546,
         0.2259150449876446
      ],
      [
         0.3167832916496238,
         0.22944991505610735
      ],
      [
         -0.3845855101395912,
         -0.764537407810528
      ],
      [
         -0.1602157649313365,
         -0.13025983731181845
      ],
      [
         -0.8125384217105158,
         0.44275063341710763
      ],
      [
         0.8381976918395617,
         -0.9706800262944715
      ],
      [
         -0.8185430065258352,
         0.07619546308666236
      ],
      [
         0.8000645418968502,
         -0.5345514096054689
      ],
      [
         0.5475592764191672,
         -0.43450984918247393
      ],
      [
         -0.6804901321273109,
         -0.2959173191626534
      ],
      [
         -0.22765231954067144,
         0.627164176982433
      ],
      [
         -0.9898104344796508,
         -0.8844405372214592
      ],
      [
         0.7034535577011909,
         0.741296764642321
      ],
      [
         0.0023639559717334446,
         -0.2400798626630667
      ],
      [
         -0.6471020256169131,
         -0.27203423921193304
      ],
      [
         -0.7457190423223867,
         0.053868942202681014
      ],
      [
         0.47284762237508837,
         0.0028917005709947485
      ],
      [
         -0.9375883720397193,
         -0.7873027185145838
      ],
      [
         -0.39906605904965575,
         -0.028660687127330498
      ],
      [
         -0.18818645040619986,
         -0.9585615878744997
      ],
      [
         0.9497952222818182,
         -0.6299142665887698
      ],
      [
         0.483848586522148,
         -0.7480936120936135
      ],
      [
         0.5022806203370946,
         -0.15922962172769317
      ],
      [
         -0.7871969505709218,
         0.07037042996565557
      ],
      [
         0.08506140364423409,
         -0.5217370305803124
      ],
      [
         -0.21296095467459764,
         0.9284452139977182
      ],
      [
         -0.7546943208959795,
         0.5162888145217768
      ],
      [
         -0.9599874970583855,
         -0.5326864116033034
      ],
      [
         -0.045966716052251444,
         0.2157034183612947
      ],
      [
         -0.3032679164106409,
         -0.937345911204799
      ],
      [
         0.9560491059585492,
         0.3728633143829452
      ],
      [
         0.9790079099130478,
         0.7738705919213924
      ],
      [
         -0.25314416853559396,
         0.8704528069068087
      ],
      [
         -0.7987831233425091,
         0.2029530491117597
      ],
      [
         -0.408640170844742,
         0.5430747862434653
      ],
      [
         0.818790674673531,
         0.041639444662193936
      ],
      [
         -0.47052600848790016,
         0.5665056493806773
      ],
      [
         0.2285273814006823,
         0.7580523906049721
      ],
      [
         0.9963787639578077,
         -0.9244571168398787
      ],
      [
         -0.4836692289380078,
         -0.13977133905457206
      ],
      [
         0.07054781602135884,
         0.43223267069415905
      ],
      [
         -0.3150738367723578,
         0.859010371105789
      ],
      [
         0.9697136997740381,
         -0.6687483229111593
      ],
      [
         0.6059079918060892,
         0.8117996086610872
      ],
      [
         0.8210616027701536,
         0.5783601779492136
      ],
      [
         -0.6472146838638095,
         -0.4510672663902804
      ],
      [
         -0.6649051757550744,
         -0.24994143358072418
      ],
      [
         0.0828399513448761,
         0.40841894430683134
      ],
      [
         0.6485922493723473,
         -0.10265548146439363
      ],
      [
         0.6673600127078951,
         0.495279149071038
      ],
      [
         -0.7702862266276977,
         0.4971735509620929
      ],
      [
         0.43951510813132466,
         -0.1578835745653422
      ],
      [
         0.05976995419775499,
         0.18728791680927603
      ],
      [
         0.1555365732512406,
         0.7568005843326804
      ],
      [
         0.05766946823733665,
         -0.17178456935747288
      ],
      [
         -0.6498912416520737,
         -0.8475246044039488
      ],
      [
         -0.7707126086087679,
         -0.2501564158311098
      ],
      [
         0.30338711395810747,
         0.9242590691447687
      ],
      [
         -0.8107896471544662,
         -0.3789182048973112
      ],
      [
         -0.6815500199881812,
         0.9396089884145027
      ],
      [
         -0.23141086505813235,
         0.5515960742810488
      ],
      [
         0.8763610635459895,
         0.2300973049162538
      ],
      [
         0.4740905564449245,
         0.8422613210743572
      ],
      [
         -0.16963516298610815,
         0.2964111515694543
      ],
      [
         0.2820487394945399,
         0.22945627171986205
      ],
      [
         -0.686417513865544,
         -0.8091918516062158
      ],
      [
         0.38888009530553624,
         -0.8923059739533965
      ],
      [
         -0.8867505543202869,
         0.5502201113376632
      ],
      [
         0.6919013773233249,
         0.227090446993375
      ],
      [
         0.04422262207054417,
         0.33448014352421285
      ],
      [
         -0.7752169919111789,
         -0.10403534717633889
      ],
      [
         0.7923251641325539,
         -0.5531282794908279
      ],
      [
         0.36798370719841866,
         -0.6932686542991933
      ]
   ],