{
   "object_type": "clustering",
   "M": 100,
   "m": 2,
   "_array": [
      [
         0.5300160449893088,
         -0.015292342504078515
      ],
      [
         -0.3628794075546604,
         0.6421292691833713
      ],
      [
         -0.46541597324071504,
         -0.9534433497955423
      ],
      [
         -0.9682212225960782,
         0.8866705963868748
      ],
      [
         0.40068361039327405,
         -0.20655869915130598
      ],
      [
         -0.06451544500356343,
         -0.3846507538020132
      ],
      [
         -0.5902074223177696,
         -0.10215538394282309
      ],
      [
         0.7262945245754324,
         0.18336003941199452
      ],
      [
         0.7881005058580244,
         0.832808285478915
      ],
      [
         -0.3602846406409801,
         -0.5492162738708803
      ],
      [
         -0.6714552899962505,
         -0.36511702433912196
      ],
      [
         -0.02117547900264305,
         0.5184872138810761
      ],
      [
         -0.791288320545734,
         -0.3323465528883014
      ],
      [
         -0.23790537355839247,
         0.5988737543057852
      ],
      [
         -0.5993974551542138,
         0.8717077206167194
      ],
      [
         -0.5078944276964461,
         -0.9957600942658806
      ],
      [
         -0.9762745017001264,
         -0.6977228692897552
      ],
      [
         0.29892177146451826,
         -0.7606991667020973
      ],
      [
         -0.5163420796299723,
         -0.3751977862831619
      ],
      [
         -0.6690904693000113,
         -0.5265940307329025
      ],
      [
         0.2019999534497512,
         -0.566841798863476
      ],
      [
         0.7623859431110351,
         0.8841424616685216
      ],
      [
         0.43400366310998884,
         0.6873833340403319
      ],
      [
         -0.7346764917420292,
         0.992929179567364
      ],
      [
         0.8952513592872775,
         0.2059180164281298
      ],
      [
         0.6522835614304248,
         0.031005048678917513
      ],
      [
         -0.19282247905217487,
         0.6152468138665235
      ],
      [
         -0.17132992198419283,
         0.3774675880236882
      ],
      [
         -0.5014481301846769,
         -0.4167264708531584
      ],
      [
         0.3718069981378984,
         0.8683168574203828
      ],
      [
         0.6159751574822177,
         -0.6292720205586873
      ],
      [
         -0.07478552687895901,
         -0.10687345828613504
      ],
      [
         0.20984310517821725,
         -0.24989853706587195
      ],
      [
         -0.9537812962927417,
         0.13989305060286572
      ],
      [
         -0.6419426367286496,
         -0.46838807556497297
      ],
      [
         0.6461524437995307,
         -0.057584401234031635
      ],
      [
         -0.5271752598603705,
         0.44882090409793074
      ],
      [
         0.83484735482635,
         0.5840685478104095
      ],
      [
         0.9430740273042808,
         -0.9730595000522868
      ],
      [
         0.0631782900128881,
         0.2931706613327332
      ],
      [
         -0.2688515755017957,
         -0.5267535914685613
      ],
      [
         0.6044184405483664,
         0.12206500671485365
      ],
      [
         -0.6014021588798049,
         0.6065598592872936
      ],
      [
         0.320790597073332,
         -0.8715616383533002
      ],
      [
         0.7086954375513002,
         -0.9578811107875016
      ],
      [
         0.6618088831158682,
         0.5932947288911572
      ],
      [
         0.4969354333777558,
         -0.5051012633231837
      ],
      [
         -0.004927817876894558,
         0.6027708530873055
      ],
      [
         0.4190558862992604,
         0.4414489161680575
      ],
      [
         0.649551755348927,
         -0.08706020643071688
      ],
      [
         -0.020073002017222397,
         0.3107029123433027
      ],
      [
         -0.793832959605199,
         -0.48772658114702727
      ],
      [
         -0.4895208935201163,
         0.633661199074639
      ],
      [
         0.30515143851088444,
         0.11129323166839922
      ],
      [
         -0.130292680328556,
         -0.3564075378310312
      ],
      [
         0.5303886748479021,
         0.5831426617459234
      ],
      [
         0.11036728132241191,
         -0.9681677976271281
      ],
      [
         -0.7902021925889826,
         0.18760901966633825
      ],
      [
         -0.24418738193251865,
         -0.34754388286609816
      ],
      [
         -0.31192457761971304,
         0.5377986319991888
      ],
      [
         -0.8273543543816733,
         -0.21035453637145696
      ],
      [
         -0.6498567187501831,
         0.5973577493817863
      ],
      [
         -0.1808006014810939,
         0.8501039717647638
      ],
      [
         -0.43149547500936736,
         -0.612618276759437
      ],
      [
         -0.006632778715674137,
         0.21221438189925368
      ],
      [
         -0.7029067627333547,
         0.35213607136795244
      ],
      [
         0.9742552579803414,
         0.6480161560577395
      ],
      [
         -0.19682298741276583,
         0.8961198309483385
      ],
      [
         -0.34172842475992615,
         0.8289023883609825
      ],
      [
         0.19593471936325213,
         -0.7114468346814975
      ],
      [
         -0.03597259327782165,
         0.6015724229499801
      ],
      [
         -0.745658938449167,
         -0.5949235984287382
      ],
      [
         -0.8351786309607985,
         -0.627989982316195
      ],
      [
         -0.33669510443724393,
         -0.7330786458440426
      ],
      [
         0.8368987644230657,
         0.8452746435052885
      ],
      [
         0.3547691124730312,
         -0.7887122326762555
      ],
      [
         0.8245523448767043,
         -0.022248972761304886
      ],
      [
         0.42635290740926357,
         0.10054264976030836
      ],
      [
         -0.5908158152516267,
         -0.21473400149433552
      ],
      [
         -0.7754642645620502,
         0.5472124610668414
      ],
      [
         0.7759494584496955,
         -0.10841060393064672
      ],
      [
         0.6565110032219845,
         -0.8029057174650982
      ],
      [
         -0.9762955328352998,
         0.3664602848771894
      ],
      [
         0.41573706242068886,
         -0.9630663962302723
      ],
      [
         -0.6919553917648043,
         0.20974940057896552
      ],
      [
         0.3612859795201948,
         0.7936380211609544
      ],
      [
         -0.300181827428079,
         -0.12337220326205944
      ],
      [
         -0.3413921788354002,
         0.6295295142989308
      ],
      [
         -0.80887180012709,
         0.11683854616160949
      ],
      [
         -0.47015540180221715,
         0.15466738094221544
      ],
      [
         0.5091649263558966,
         -0.4793883642726353
      ],
      [
         -0.035079785406263,
         0.34778869293174886
      ],
      [
         -0.974677488919053,
         -0.4661803956633612
      ],
      [
         0.5265810408605982,
         -0.22380324594338363
      ],
      [
         -0.0847068305811638,
         -0.8225399644431144
      ],
      [
         0.18243827123057588,
         -0.9907810384200599
      ],
      [
         -0.5658717174509587,
         0.6620725880522143
      ],
      [
         0.6493683058658883,
         -0.43978294318444555
      ],
      [
         -0.43535877499562825,
         -0.8665141990263463
      ],
      [
         0.7105707721508931,
         -0.01564734980050253
      ]
   ],
   "_debug": true,
   "k": 5,
   "_max_iter": 1000,