{
   "_object_type": "sampling",
   "M": 100,
   "m": 2,
   "_debug": true,
   "object_type": "clustering",
   "k": 5,
   "_max_iter": 1000,
   "_bounds": [
      [
         -1.0,
         1.0
      ],
      [
         -1.0,
         1.0
      ]
   ],
   "_array": [
      [
         0.8507723294909084,
         0.6094265208520022
      ],
      [
         0.31351490339351606,
         0.9899548331638437
      ],
      [
         0.9056976096413298,
         0.22883307000362252
      ],
      [
         0.3640011949054369,
         -0.1320780234210226
      ],
      [
         -0.34315245938996775,
         -0.6502557512981562
      ],
      [
         -0.8813017439827413,
         0.31342899032341087
      ],
      [
         0.24389860183106227,
         -0.3832235991608546
      ],
      [
         -0.25359844523629427,
         -0.33791567015730495
      ],
      [
         -0.5458855892386318,
         -0.247056078342075
      ],
      [
         0.03487210244845507,
         -0.5010780657807681
      ],
      [
         0.36983812299076235,
         -0.6269885006337599
      ],
      [
         -0.6239679259098929,
         -0.18599813240748508
      ],
      [
         -0.7041100748563773,
         -0.3481774855641038
      ],
      [
         -0.794504905367039,
         -0.14968127056923963
      ],
      [
         -0.4986821859290991,
         -0.9247267172025924
      ],
      [
         0.941217083833024,
         -0.7622634151902432
      ],
      [
         0.8748569258686458,
         0.6462248189775879
      ],
      [
         -0.48343489332565137,
         0.6968848311086808
      ],
      [
         -0.5995171594306277,
         -0.12660688967670453
      ],
      [
         0.8333909344931261,
         0.18929616043983022
      ],
      [
         0.023547658449210696,
         -0.6111263032451208
      ],
      [
         0.9991108742021784,
         -0.15106577843608893
      ],
      [
         0.54205067044936,
         0.48129485931753635
      ],
      [
         -0.3835276160065171,
         -0.8425232776678862
      ],
      [
         -0.7766356244164097,
         0.9572179475590765
      ],
      [
         -0.6539011548315574,
         -0.10491143482859489
      ],
      [
         -0.6027919498873224,
         -0.45786668355715965
      ],
      [
         -0.23969897713182609,
         -0.855246339024508
      ],
      [
         0.6204278927031897,
         -0.427742055963648
      ],
      [
         0.5780575752202031,
         0.20692879306684575
      ],
      [
         -0.3535620563705204,
         0.9866067360234521
      ],
      [
         -0.18080514553051996,
         0.08699852169674416
      ],
      [
         0.18566610929932548,
         -0.3024851952636205
      ],
      [
         -0.1814184530549554,
         -0.8535771561486931
      ],
      [
         0.8808994807392485,
         -0.47261139180804057
      ],
      [
         -0.13563441450333524,
         -0.2167008102835306
      ],
      [
         0.8147570882638442,
         0.33788402405775186
      ],
      [
         0.03832851887961142,
         0.6442589609875848
      ],
      [
         0.4900384268813367,
         -0.960077077846681
      ],
      [
         -0.35917977998290707,
         0.03887750929529532
      ],
      [
         0.9616923373955744,
         -0.7901193237974928
      ],
      [
         -0.654047582756428,
         -0.2796449180641538
      ],
      [
         -0.17076952270039514,
         -0.14318670799716138
      ],
      [
         -0.9587637393861554,
         0.02814847393100761
      ],
      [
         0.1606335022376295,
         0.600709766518964
      ],
      [
         -0.41397121818632265,
         -0.1855026404442004
      ],
      [
         0.6644459546704924,
         -0.13733209524625156
      ],
      [
         -0.7336328057702626,
         -0.11249672799762278
      ],
      [
         0.9851677076899785,
         0.46422775698622143
      ],
      [
         0.15223800606080906,
         -0.34158078409166626
      ],
      [
         0.6894754950848869,
         -0.9187224390426794
      ],
      [
         0.01817359211575753,
         -0.13552037779199955
      ],
      [
         0.299551028473938,
         0.8937850092157453
      ],
      [
         -0.9060483477746946,
         -0.769500570400359
      ],
      [
         -0.8876606874802506,
         -0.6490841392847542
      ],
      [
         0.717254509606382,
         -0.9195378199094724
      ],
      [
         0.19356166111843165,
         -0.5912504943661947
      ],
      [
         0.808667438436367,
         -0.08708231463729077
      ],
      [
         -0.8560411645277888,
         -0.6177146127733548
      ],
      [
         -0.10501600108685838,
         0.9388020676968627
      ],
      [
         0.7630427359821428,
         -0.26641580214584293
      ],
      [
         0.11001722236899969,
         -0.6137720176213699
      ],
      [
         0.40101757785268566,
         -0.058797876886507394
      ],
      [
         0.3000000159365186,
         -0.5738288692666265
      ],
      [
         -0.47820637233548036,
         0.42772131176617734
      ],
      [
         -0.09714417274235543,
         0.3172693380963574
      ],
      [
         0.8831535699066797,
         0.3466395136369096
      ],
      [
         -0.6690403673423413,
         0.8016326770864572
      ],
      [
         -0.7858575480863219,
         0.7181497200841491
      ],
      [
         0.2216993680676278,
         -0.3142639270483525
      ],
      [
         -0.4112288732169187,
         0.3792531308998832
      ],
      [
         0.3527064722949076,
         0.44113187290938805
      ],
      [
         0.9211890107882403,
         -0.7672409714334958
      ],
      [
         -0.30908927930693664,
         0.8218844161928869
      ],
      [
         -0.06948444283545374,
         0.6365187307165692
      ],
      [
         0.04395900091847382,
         -0.655778465844735
      ],
      [
         -0.3290884974214139,
         0.6594938054687072
      ],
      [
         -0.9396278491618446,
         -0.8431667183722087
      ],
      [
         -0.37788159826802703,
         0.9895136828647308
      ],
      [
         -0.35554793312308064,
         0.2511345390247368
      ],
      [
         -0.196442737902498,
         -0.41497147590489103
      ],
      [
         0.7921125218328655,
         -0.46020191967009394
      ],
      [
         -0.613707447861013,
         0.7374701728489883
      ],
      [
         0.887996123678386,
         -0.7476699764530754
      ],
      [
         0.25274558537602054,
         0.8519500843702921
      ],
      [
         -0.2898938271104359,
         0.16368183557673044
      ],
      [
         0.585751787219519,
         0.982338485218309
      ],
      [
         -0.16760023051400097,
         -0.8447618238714867
      ],
      [
         0.4813231853372473,
         -0.8926737130224758
      ],
      [
         0.18238004856356627,
         -0.6832163662711972
      ],
      [
         0.7381280550681415,
         -0.807813920511014
      ],
      [
         0.12107599779064993,
         0.7638247161290257
      ],
      [
         0.8352860195227669,
         0.06238852980065812
      ],
      [
         -0.07980787795901656,
         -0.5018420014551834
      ],
      [
         0.0286513787523881,
         -0.46236048186644907
      ],
      [
         0.8401744337437229,
         -0.7921204771241361
      ],
      [
         0.9526545293575235,
         0.257869961492621
      ],
      [
         -0.9599703798980732,
         -0.009349396104457286
      ],
      [
         0.7146545646891049,
         -0.07146131421143798
      ],
      [
         0.4673574381188572,
         0.030837803606862613
      ]
   ],