{
   "object_type": "clustering",
   "M": 100,
   "m": 2,
   "_array": [
      [
         0.826906524373801,
         -0.04913146086865372
      ],
      [
         0.12243722104877675,
         -0.17500932326898755
      ],
      [
         0.9381825187519841,
         0.98073428265253
      ],
      [
         -0.46959376925809493,
         0.10973939415466494
      ],
      [
         -0.9307551861122403,
         0.01270361259666597
      ],
      [
         -0.9109819050496839,
         -0.6724756442679809
      ],
      [
         0.6818790338870107,
         0.8124412584352025
      ],
      [
         0.5890206172467061,
         0.19370017080479274
      ],
      [
         -0.6393339147769013,
         -0.2330081425286641
      ],
      [
         0.036866883135115325,
         -0.8033968101733229
      ],
      [
         -0.415382011350085,
         -0.48539891856232353
      ],
      [
         -0.24919740547846558,
         0.9151342346578586
      ],
      [
         -0.007444949959085401,
         -0.04834759908580999
      ],
      [
         -0.03335968576895976,
         0.13566913692244764
      ],
      [
         -0.18507875674593177,
         0.5701178888211338
      ],
      [
         0.030740534730802294,
         -0.35599071415340133
      ],
      [
         -0.060480792496732994,
         -0.1529850962922077
      ],
      [
         -0.40262596079671087,
         -0.1218616660796108
      ],
      [
         0.2916517624530486,
         -0.7976018802314735
      ],
      [
         0.11403756565901779,
         0.9464811258131707
      ],
      [
         0.8681785647761586,
         0.9086574737573234
      ],
      [
         -0.23672334688515617,
         -0.8940846384294432
      ],
      [
         0.2813295818717587,
         0.9668592999335401
      ],
      [
         0.21566367169421263,
         0.08935511411336461
      ],
      [
         0.9747140743294205,
         0.5870737596656046
      ],
      [
         0.08697835760334782,
         -0.19721788036639865
      ],
      [
         -0.23981274660175012,
         -0.01051470700138224
      ],
      [
         -0.6343295032305467,
         0.27758350850367375
      ],
      [
         -0.19757200740756486,
         -0.847754977231558
      ],
      [
         0.2959094023258022,
         -0.04532402809354075
      ],
      [
         0.37283623212888073,
         -0.6628390926005221
      ],
      [
         -0.8074075802367195,
         0.19377458892149546
      ],
      [
         0.9565972179889706,
         0.286549867034408
      ],
      [
         -0.9602494591851745,
         -0.9275425681931122
      ],
      [
         -0.9460972736894224,
         -0.15842060194816399
      ],
      [
         0.35920996173610353,
         -0.301445749701025
      ],
      [
         0.8710820496517848,
         -0.16121846601683454
      ],
      [
         -0.5396538433366709,
         0.8614447495624682
      ],
      [
         0.36557118631391283,
         0.023023670191990142
      ],
      [
         -0.15997533377194362,
         0.06755232504881503
      ],
      [
         -0.5454158555406383,
         0.6813753661952171
      ],
      [
         -0.7116370010795416,
         -0.49900236017746824
      ],
      [
         -0.3409501548405143,
         0.14929359604046666
      ],
      [
         -0.8898779118457047,
         -0.3246594546047483
      ],
      [
         0.8826614036201013,
         0.00821871283135378
      ],
      [
         0.04456913451852795,
         0.9811152785198802
      ],
      [
         0.5371896055916994,
         0.20597179275952504
      ],
      [
         0.9066653049159801,
         0.36228495272660255
      ],
      [
         -0.0877530043918835,
         0.7083198913010751
      ],
      [
         -0.7676107992699575,
         0.02905851821324812
      ],
      [
         -0.2912513756304056,
         0.3798115879409347
      ],
      [
         -0.42850366335801326,
         -0.6282891508109323
      ],
      [
         -0.9222852639941566,
         0.6365882496947921
      ],
      [
         0.9493435067158935,
         -0.15467134641338376
      ],
      [
         0.6299006204956659,
         -0.5781546330091551
      ],
      [
         0.2722138003378831,
         -0.9032399569465934
      ],
      [
         -0.49119515239352807,
         -0.9953914630943939
      ],
      [
         -0.8331388512185762,
         -0.039755947450896834
      ],
      [
         0.031261458176177426,
         0.9991253441626449
      ],
      [
         -0.667256454808367,
         -0.11604403056649337
      ],
      [
         0.17838181915267226,
         -0.014502753819457315
      ],
      [
         -0.5213618277340737,
         -0.9660733364596219
      ],
      [
         0.47394764800055156,
         -0.26235737621038746
      ],
      [
         0.27137134188478407,
         -0.8511442818489421
      ],
      [
         0.4788191979157188,
         0.10942202606077789
      ],
      [
         0.5661504967175015,
         0.5813238548327675
      ],
      [
         0.8199266987424805,
         -0.4181021781356413
      ],
      [
         -0.8192060797543812,
         0.6885716956657757
      ],
      [
         0.8438953525437818,
         -0.18011056121036684
      ],
      [
         -0.8694256610615818,
         0.6697871936767206
      ],
      [
         0.5401616363965767,
         0.6341694557163686
      ],
      [
         -0.5994304804115764,
         0.9895680762981247
      ],
      [
         0.47067158582293,
         0.0873440292829537
      ],
      [
         0.06584416401066684,
         0.9428033634424704
      ],
      [
         0.09456977950303891,
         -0.0034013535799477523
      ],
      [
         -0.340915752562569,
         0.1898516268413617
      ],
      [
         -0.6640171626160005,
         0.25217850431325095
      ],
      [
         0.535151530998043,
         0.28733990555897915
      ],
      [
         0.4977470927176191,
         -0.9506526093765066
      ],
      [
         -0.04858705799817398,
         0.5906702522056761
      ],
      [
         0.4691460189960317,
         0.10711013957066018
      ],
      [
         0.03264520573687557,
         0.746548082960308
      ],
      [
         0.5126548045883164,
         -0.6173602134506273
      ],
      [
         -0.5556560519198979,
         -0.4903657834006838
      ],
      [
         0.14419344918717747,
         0.4449659396208625
      ],
      [
         0.608127816300875,
         -0.6738990670104388
      ],
      [
         -0.13257189910447575,
         0.09452374296794952
      ],
      [
         0.9529202158600001,
         0.9782319798329171
      ],
      [
         -0.31698543708667737,
         0.4342327163849671
      ],
      [
         -0.6650625780051018,
         -0.6473746240090681
      ],
      [
         0.03808602666025718,
         -0.007274401039115697
      ],
      [
         0.3263902026891581,
         -0.8054223310865036
      ],
      [
         -0.5969246361826581,
         -0.9529948891120046
      ],
      [
         0.7108864101696037,
         0.9848804282313375
      ],
      [
         0.7977327432595656,
         0.8580643567074777
      ],
      [
         -0.9395464050632072,
         0.05073703178219202
      ],
      [
         -0.6764485280188226,
         0.25499539115689185
      ],
      [
         -0.3852805961938224,
         0.3926507646371842
      ],
      [
         0.516578519595525,
         -0.31127130316960594
      ],
      [
         0.38031581152257843,
         0.46176984926512876
      ]
   ],
   "k": 5,
   "_max_iter": 1000,