{
   "_object_type": "sampling",
   "M": 100,
   "m": 2,
   "_debug": true,
   "object_type": "clustering",
   "k": 5,
   "_max_iter": 1000,
   "_bounds": [
      [
         -1.0,
         1.0
      ],
      [
         -1.0,
         1.0
      ]
   ],
   "_array": [
      [
         0.23600606893436238,
         0.1477573533924621
      ],
      [
         0.6143518199459164,
         -0.1508118386674424
      ],
      [
         0.833029631234218,
         0.99686164549127
      ],
      [
         -0.5118856994622201,
         0.6166226670916493
      ],
      [
         0.14830262581962583,
         -0.9110750791556008
      ],
      [
         0.6259583272194256,
         -0.2149081577130041
      ],
      [
         -0.0859820412144705,
         0.5306452055933442
      ],
      [
         -0.8855417424626817,
         -0.3355365861537798
      ],
      [
         0.8363296009986787,
         -0.3103506296784111
      ],
      [
         0.17635892228985295,
         -0.5633986805204101
      ],
      [
         -0.6113420899073059,
         0.7110147600228172
      ],
      [
         -0.6892483460052479,
         0.5527918606636908
      ],
      [
         -0.035829203697412604,
         -0.9835050686762272
      ],
      [
         0.6565659500768319,
         0.3748929956417999
      ],
      [
         0.15398572708710745,
         -0.2627345333239035
      ],
      [
         0.04080233943593825,
         0.23462386638605914
      ],
      [
         0.9340537991007749,
         -0.6906267484303883
      ],
      [
         -0.08040184514840076,
         -0.2262107974038059
      ],
      [
         0.9634843729544402,
         -0.1663752155667244
      ],
      [
         0.9563464684719167,
         -0.9355295166298083
      ],
      [
         -0.24723220882038444,
         -0.3011533514431106
      ],
      [
         -0.057319636785564176,
         0.3623156177051148
      ],
      [
         -0.6136773320523321,
         -0.526206906609328
      ],
      [
         0.6044009579725178,
         0.20732732835459755
      ],
      [
         0.524395815323256,
         0.10065018069442866
      ],
      [
         0.6178756402426102,
         0.3762746145159086
      ],
      [
         0.7521399749481232,
         0.0302169911284631
      ],
      [
         -0.6639342541468771,
         0.21446120147685477
      ],
      [
         -0.5539083379494509,
         -0.1817345962252641
      ],
      [
         0.4602339062456384,
         -0.5117168717240896
      ],
      [
         -0.8065760590660447,
         -0.9656260952109899
      ],
      [
         -0.7814991063425212,
         0.5463512456003736
      ],
      [
         -0.00012994538191923866,
         0.037515995869506824
      ],
      [
         0.9296367027493362,
         -0.20285363340513385
      ],
      [
         0.7031313056863873,
         -0.3016745801564493
      ],
      [
         0.23962671230759858,
         -0.6110719371104973
      ],
      [
         -0.2515994642683437,
         -0.2077430638997293
      ],
      [
         -0.5401674161174548,
         -0.11965062621412814
      ],
      [
         0.4857057983281725,
         0.08888589662276214
      ],
      [
         0.1182518432764228,
         -0.18278108661967485
      ],
      [
         -0.8191750951740815,
         -0.525826374897866
      ],
      [
         0.4361497803285441,
         0.7753154375902611
      ],
      [
         0.9906345693788579,
         -0.08018516292680777
      ],
      [
         0.7496585335730723,
         -0.04851547424433433
      ],
      [
         -0.9838570165348368,
         -0.9600898824960904
      ],
      [
         0.2237732206637011,
         -0.5413304325479116
      ],
      [
         -0.027096947488690404,
         -0.9964883668869857
      ],
      [
         0.5806319235919901,
         0.880006055752024
      ],
      [
         0.29676168320867347,
         0.0407647680540526
      ],
      [
         -0.2603698429724959,
         -0.5781925569525166
      ],
      [
         0.14266437752294991,
         -0.3944644540434923
      ],
      [
         -0.8161164587801129,
         -0.5500111658099673
      ],
      [
         0.6026233366539258,
         0.8103102732053333
      ],
      [
         0.9593828304406151,
         0.6351106025766415
      ],
      [
         -0.3266966650476011,
         -0.8823897839769941
      ],
      [
         0.5326288417699574,
         -0.8066177477724779
      ],
      [
         0.017097576548838145,
         -0.7503835687624629
      ],
      [
         0.18877234843776414,
         -0.5625864769658664
      ],
      [
         0.7937249133811362,
         -0.8205711839255663
      ],
      [
         -0.12203873268860965,
         -0.7371725492081711
      ],
      [
         0.12541984027906428,
         -0.889403124387351
      ],
      [
         -0.14277403282219825,
         -0.15144960885390368
      ],
      [
         0.37698590135639076,
         0.9635741733064207
      ],
      [
         -0.16761830832926838,
         -0.395642069272347
      ],
      [
         -0.05339951280530486,
         -0.9588039786483469
      ],
      [
         0.4450163075358071,
         -0.19706985739184057
      ],
      [
         -0.04781444042587668,
         0.5358666831783925
      ],
      [
         0.7444948765261354,
         -0.140069053298163
      ],
      [
         -0.27584374952462287,
         0.18385906236343796
      ],
      [
         -0.5483845159575775,
         0.8980627405563029
      ],
      [
         -0.14132272429219417,
         -0.27173337403064846
      ],
      [
         -0.607396910436415,
         0.6841926842411039
      ],
      [
         0.9775232642404503,
         -0.45114342506727434
      ],
      [
         -0.2498120348232149,
         0.5315127354842499
      ],
      [
         0.7187849227517351,
         0.6503914873763916
      ],
      [
         -0.08858502517176325,
         -0.49533351803055514
      ],
      [
         -0.5573786466577935,
         0.4638636794348534
      ],
      [
         0.5016330184082463,
         -0.1617545366809392
      ],
      [
         0.4592900003972298,
         -0.5307515638263491
      ],
      [
         0.9460112744918423,
         -0.6311717290673873
      ],
      [
         0.3720831707641954,
         0.09673662748354817
      ],
      [
         0.16334435078687082,
         -0.17044985839565197
      ],
      [
         0.5211402391073747,
         0.5681131793934548
      ],
      [
         0.10415275841178673,
         -0.818985543551636
      ],
      [
         0.6888104432930424,
         -0.6866981059768258
      ],
      [
         0.22289200326776526,
         -0.33427405612657113
      ],
      [
         0.23248455867920792,
         -0.24870305866242992
      ],
      [
         -0.26525798645520693,
         -0.44144304195530015
      ],
      [
         -0.8319191947542073,
         -0.015156589650606955
      ],
      [
         0.6899359471217357,
         0.002498633797542782
      ],
      [
         0.5990869935572025,
         -0.28264836942678784
      ],
      [
         0.10464109328629245,
         0.3756154446883997
      ],
      [
         0.11983967157044306,
         -0.67687376734396
      ],
      [
         0.4985156837641731,
         0.25775421985928837
      ],
      [
         -0.18194569581502784,
         -0.46853278435264367
      ],
      [
         -0.9239973572524023,
         -0.05538928675347532
      ],
      [
         0.27273386649739173,
         -0.9189301487034498
      ],
      [
         -0.16805037694928893,
         -0.5563022550883034
      ],
      [
         -0.2113496232773302,
         -0.5713685627684253
      ],
      [
         -0.8026292903201895,
         -0.15652582070285814
      ]
   ],