{
   "object_type": "clustering",
   "M": 100,
   "m": 2,
   "_array": [
      [
         0.7724880566739416,
         0.6939360845638489
      ],
      [
         0.770706641661508,
         -0.31721267116575924
      ],
      [
         0.36052247838949003,
         0.6305226725386903
      ],
      [
         0.8893629006649733,
         -0.574638435012403
      ],
      [
         0.15396336906092856,
         0.13248268925454165
      ],
      [
         -0.8969434242135981,
         -0.7766267169329615
      ],
      [
         0.7380576111149295,
         -0.4925256658853534
      ],
      [
         0.7627717460448069,
         0.9418952408793377
      ],
      [
         0.36171738767894923,
         -0.4220127744310802
      ],
      [
         0.522362087599312,
         -0.9422478915168173
      ],
      [
         -0.28419306369463504,
         0.45864682977882487
      ],
      [
         0.9865383391943781,
         -0.7991460798720591
      ],
      [
         0.9303550402232532,
         -0.3718829857434842
      ],
      [
         -0.2012087429116749,
         0.564328029665446
      ],
      [
         0.06299252835706515,
         0.3987410737958388
      ],
      [
         0.6211090464346987,
         -0.5551199264918141
      ],
      [
         0.7502633912180949,
         -0.4484163559960812
      ],
      [
         -0.16365553832273383,
         -0.849693661337193
      ],
      [
         -0.5235107123338547,
         -0.6006925945862476
      ],
      [
         -0.48836768657684093,
         0.7394070274314286
      ],
      [
         0.7052727299570765,
         0.370033933559647
      ],
      [
         -0.34890202351481747,
         0.17148845571189786
      ],
      [
         0.4104158873804564,
         0.9543846101574331
      ],
      [
         0.2984818473601243,
         0.4129399081055156
      ],
      [
         -0.8149118940661988,
         -0.8273507711468353
      ],
      [
         -0.915218722540978,
         -0.08477828386698816
      ],
      [
         0.4172433189833764,
         -0.23495790887991208
      ],
      [
         0.6462831466007781,
         -0.4681063877159064
      ],
      [
         0.36764971916618494,
         -0.654247389879741
      ],
      [
         -0.1484487057022026,
         -0.8004617055886332
      ],
      [
         -0.43882829969601334,
         -0.3494170856610821
      ],
      [
         0.3785005793398175,
         -0.22090803650794544
      ],
      [
         -0.3523202685048954,
         -0.5417350347827692
      ],
      [
         0.8836838107184908,
         0.7993621869240661
      ],
      [
         -0.23465782175655514,
         -0.8868635795392183
      ],
      [
         -0.4950416969633067,
         -0.01026578244971832
      ],
      [
         0.2744016837288148,
         0.04822580621369177
      ],
      [
         -0.5013515446163423,
         0.5568917141722112
      ],
      [
         0.4785462185708267,
         -0.5340052844967151
      ],
      [
         -0.8535454245880378,
         0.542156021438746
      ],
      [
         0.17022324404017586,
         -0.20502897770664164
      ],
      [
         0.15558445162198375,
         -0.72281809947278
      ],
      [
         0.6402643061510978,
         -0.013202197181917397
      ],
      [
         -0.1756711806000415,
         -0.609008093187525
      ],
      [
         0.655587780166335,
         -0.4214759023985628
      ],
      [
         0.6305159753315719,
         -0.8051353254778568
      ],
      [
         -0.8377190609475771,
         -0.6658992198306741
      ],
      [
         0.2901331909797258,
         -0.441411320933905
      ],
      [
         -0.31083031152469487,
         0.41067037578364074
      ],
      [
         -0.500829565189256,
         0.5438693565425079
      ],
      [
         -0.42753882186380654,
         0.3387625595330688
      ],
      [
         -0.9326660772942574,
         0.10130563339867726
      ],
      [
         0.3599621006246656,
         0.9807598168421785
      ],
      [
         -0.2901414754955667,
         -0.23243357640446072
      ],
      [
         -0.8554260597082015,
         -0.35786157719746803
      ],
      [
         0.7972562539869146,
         0.9032681097643642
      ],
      [
         -0.07263644937235281,
         0.41705792522255014
      ],
      [
         0.639421979435812,
         -0.22437063667722046
      ],
      [
         -0.7481806043687267,
         -0.7867612824799848
      ],
      [
         -0.7572145184058174,
         0.2858640774795793
      ],
      [
         -0.7436090322711522,
         0.7945052570483713
      ],
      [
         0.22680710925627112,
         0.377473860839155
      ],
      [
         0.7973244459905453,
         -0.49557524161078637
      ],
      [
         -0.5746172035833015,
         -0.2615598167153075
      ],
      [
         -0.4369446573669564,
         0.44311345457456097
      ],
      [
         -0.33604268586715813,
         0.888999521083583
      ],
      [
         -0.5900216837526977,
         -0.37846322256665554
      ],
      [
         -0.9100707468667708,
         -0.7893414471987337
      ],
      [
         -0.9695458892698683,
         0.6512232250935281
      ],
      [
         -0.1096196546072088,
         0.5696623992862382
      ],
      [
         -0.8957687756687895,
         -0.30124818080168825
      ],
      [
         -0.49782987345100205,
         -0.6196673091201539
      ],
      [
         0.7190255536320747,
         -0.9519991626806215
      ],
      [
         0.6616801026272843,
         0.3709056712958878
      ],
      [
         -0.33709065134455996,
         -0.7159938218567994
      ],
      [
         0.9880303027268726,
         0.07266828743045006
      ],
      [
         -0.06550641281247649,
         0.24663311864836612
      ],
      [
         -0.41292057150184647,
         -0.23777301796364658
      ],
      [
         -0.36871045532913516,
         0.42468288022392486
      ],
      [
         -0.020581792622443418,
         -0.7606875060973828
      ],
      [
         0.7829182131007049,
         -0.7253971977627585
      ],
      [
         -0.625739129032963,
         0.14796555923953925
      ],
      [
         0.5125782110190056,
         -0.48163176569004484
      ],
      [
         0.6314116918380868,
         -0.6847062127887571
      ],
      [
         -0.4530002375972286,
         -0.35195812252291003
      ],
      [
         -0.9940586117901735,
         0.7073361810788854
      ],
      [
         0.6934781302824169,
         -0.4709087820096898
      ],
      [
         0.7849156996144531,
         0.37796965582140873
      ],
      [
         -0.672805881751237,
         0.34747069884557047
      ],
      [
         0.194141657197491,
         -0.506155674585087
      ],
      [
         -0.76433053899379,
         0.01421432443931736
      ],
      [
         0.06038829654646083,
         0.9029003134978586
      ],
      [
         -0.8696430009514828,
         -0.17199349848801804
      ],
      [
         -0.8034521100862086,
         -0.7101745908060983
      ],
      [
         -0.2510534630119672,
         -0.22752217206012526
      ],
      [
         0.19178386409927617,
         -0.8979783166986521
      ],
      [
         -0.9607183864330566,
         -0.7247162495813062
      ],
      [
         0.20159030587173965,
         0.28294807727844984
      ],
      [
         -0.8010472860883238,
         -0.14553772539351506
      ],
      [
         -0.4795655883257668,
         -0.9763641842264295
      ]
   ],
   "_debug": true,
   "k": 5,
   "_max_iter": 1000,